,Unnamed: 0,Emotion,Sentence
0,941,Other,"tính tao tao biết , chẳng có chuyện gì có_thể làm tao phát điên cả"
1,142,Enjoyment,"lại là lào_cai , tự_hào quê mình quá : ) )"
2,1164,Sadness,bị từ_chối rồi
3,182,Enjoyment,tam_đảo trời đẹp các mem à
4,868,Other,đọc bình_luận của thằng đó không thiếu chữ nào 
5,236,Enjoyment,crush tao vẫn còn trinh nhé 
6,1229,Anger,nó nói không đúg ư . đg của nhà bà ư . nó đóg phí đg bộ còn nhà bà thì đóg thuế đất thôi . đất nhà bà sử dụg được cả mặt đg cơ . sao không mag ban ghế ra đấy mà kê
7,355,Fear,gap kiểu này chắc đái ra quần quá
8,1538,Enjoyment,yêu em moạ moạ 
9,536,Sadness,có ai như tao không đọc đề thì quen nhưng lại quên phương_pháp giải . chắc mất_gốc rồi : ( (
10,348,Enjoyment,t cười ỉa ... 藍藍
11,199,Fear,tao không biết tao đủ ổn để đi học thêm không nữa
12,1112,Sadness,làm chó khổ lắm chứ bộ : ( (
13,232,Enjoyment,per hay xàm xàm mà zui hè
14,324,Disgust,dm thể_loại xàm lồn
15,1927,Disgust,loại không biết trân_trọng những gì mik nhận được thì mãi_mãi chỉ là những kẻ nghèo_hèn bẩn_thỉu 
16,1113,Enjoyment,per 1 thời mệ nội kho thịt ngon hí
17,1082,Disgust,bạn không có quyền đuổi người ta . khó_chịu thì gọi ca giao_thông thôi . bạn đuổi họ bạn sai lè lè
18,781,Sadness,"đôi_khi cũng muốn dỗi lắm , nhưng nghĩ_lại đéo có người_yêu mà dỗi"
19,1036,Sadness,ngô ̀ i đo ̣ c bình_luận chu ́ người no ́ tag người_yêu va ̀ o ma ̀ sô ́ người mu ̃ i la ̣ i cay = ) )
20,281,Enjoyment,đã đẹp_trai còn khôn 
21,528,Anger,cũng chỉ vì việt_nam nuôi một lũ kỹ_sư . tiến_sĩ phá_hoại mới làm thiệt_hại kinh_tế nhiều vô_kể chúng_nó sài toàn bằng tại trức thì biết con_mẹ gì mà đưa cây cao_su ra bắc trồng khác gì đưa cây dừa ở trong nam ra bắc trồng . một lũ bò
22,623,Anger,nghe cái giọng thằng quay_phim ăn_nói đoạn cuối thực_sự muốn làm 1 đấm nhẹ nhẹ vô cái mỏ nó . chả vui_vẻ gì .
23,460,Enjoyment,khi 2 đứa giận nhau thì dắt nhau vào nn là xong = ) ) ) )
24,238,Disgust,làm_ăn nhố_nhăng
25,185,Fear,tao sợ ăn xong nóng đêm gãi toét chân
26,1006,Disgust,tao không được ăn thì mày cung đừng hòng
27,1717,Surprise,per giảm_tốc kìa haha
28,1562,Enjoyment,mẹ đi ngầu chết mẹ đi được chứ kì_quặc gì = ) ) ) )
29,845,Sadness,moá . tao muốn chết quách cho_rồi
30,1633,Disgust,nói_chuyện như_vậy bảo sao đất_nước không phát_triển
31,903,Other,còn đỡ hơn bữa ăn sáng nay của tao nhiều .
32,1539,Anger,dume . lưu_manh từ nhỏ . khốn_nạn
33,1780,Enjoyment,anh đã mơ về một ngôi nhà và những đứa trẻ 臘‍♂️
34,38,Fear,mẹ tao vừa đọc xong còn tag tên tao vào . bọn mày có cách nào trưa nay không về nhà mà vẫn có tiền ăn cơm không_chỉ tao với
35,224,Fear,"per nhớ ngày_xưa gần nhà mày có đàn ngỗng , tụi khốn_nạn đó toàn đi dàn hàng ngang chắn hết đường hết lối , mỗi lần tao đạp xe qua là rượt tao gần chết : v ám_ảnh vãi"
36,373,Fear,"tao rợn hết người luôn , ghi công mày "
37,751,Other,tôi nghĩ nên tăng tiền phạt lên
38,331,Disgust,ác_độc thế
39,955,Disgust,dơ_dáy
40,307,Other,"không biết sao chứ tao đọc bình_luận thấy toàn bình_luận bảo là chữ này là do người_lớn viết ra , rút cuộc là sao ?"
41,756,Sadness,kím cớ nói_chuyện chỉ để biết người đó làm gì đang như nào . có vui hay buồn . rồi lại thôi
42,795,Enjoyment,năm nay thì đở hơn rồi kkkk
43,1869,Surprise,"hôm_qua còn không có lông chân , hôm_nay mọc lẹ thế = ) ) )"
44,270,Enjoyment,lương cũng sắp về rồi 
45,1352,Enjoyment,ồ ! rất nhớ !
46,105,Disgust,phản dame gắt vãi
47,1202,Other,t chốg mắt lên xem chúg mày mặn nồg đến bao_giờ 
48,633,Other,vậy thấy đứa nào thân thân với mình là mình block nó lại à ? ? . - .
49,929,Other,thoáng chốc thành đống sắt vụn
50,1743,Surprise,"moá ơi , lợn mặt_trăng "
51,437,Enjoyment,sống với nhau đến cuối đời người ta cũng chỉ mong có vậy .
52,1219,Sadness,nhìn là yêu roi muốn nuôi quá_trời mà sợ không chăm được em 
53,1005,Enjoyment,"đúng vậy , có họ ở bên cạnh nuôi_nấng ta từng ngày đã là quý lắm rồi"
54,860,Disgust,thực_sự là một trò_cười
55,294,Enjoyment,đó là những nơi khác . chứ chỗ làm của em . anh_chị đáng yêu v đáng quý . em học_tập được rất nhìu kinh_nghiệm .
56,1071,Sadness,ba_mẹ tao chửi tao tao chỉ biết câm_họng và bưng tô cơm ra chỗ khác vừa ngồi ăn vừa khóc một_mình cho_dù biết răng mình k có lỗi  ! ?
57,1256,Anger,per tao bị con mặt nồi này dí 2 lần táp vào chân bầm tím chạy muốn súc quần .. đang đi không làm gì nó nó cũng dí .. mẹ bà kkk
58,401,Anger,anh tao làm_trò đùa cho chúng_mày à : ' (
59,571,Anger,trên quê tôi . trc nói trong vòng 6 đến 7 năm sẽ cho hưởng cổ_tức . vậy_mà đến giờ đã hơn 10 năm vẫn chưa được hưởng 1 xu nào . cao_su trồng thì chết lên chết xuống . giờ cũng chưa thấy cạo mủ . mất bao_nhiêu đất rừng của dân . hôm nào mời vtv24 làm 1 chuyến lên quê tôi . sẽ biết thế_nào ?
60,1433,Disgust,xém lại lên báo_vụ bác_sĩ bị người_nhà bệnh_nhân hành_hung cho đến chết 
61,367,Enjoyment,nam nhân nhà người ta kbh làm tôi thất_vọng
62,1587,Anger,chắc tao lại vác dao đâm chết cdm bọn hãm này : ) ) ) )
63,992,Disgust,"ho ̣ c ha ̀ nh tra ̉ thâ ̀ y cô hê ́ tao , ba ̀ đo ́ thi ̀ con cặc trư ́ người nư ̃ anh đâu ma ̀ thai vơ ́ i sư ̀ người"
64,1188,Other,"tốt nhất là đừng crush ai ngoài bản_thân ra cả , để khi nhớ thì chỉ cần lấy gương ra nhìn cái là được "
65,1756,Enjoyment,"những người đang buồn ỉa mà càng nhịn , khi bùng_phát mới thật_sự đáng sợ "
66,389,Enjoyment,"kết mỗi câu ru con ngủ để vợ đắp mặt_nạ làm_đẹp , 10đ chồng tốt = ) ) ) )"
67,738,Other,"thôi đi cháu , chưa đủ tuổi thì đừng mê trai , đừng đẩy con nhà người ta vào tù : v"
68,499,Sadness,"t đã hối_hận vì nói ra , để rồi bao_giờ tao với cô ấy chẳng còn thể nói_chuyện như trước nữa"
69,484,Other,đúng rồi . chỉ có thằng ghệ nó trầm_cảm thôi
70,1412,Sadness,tội_nghiệp các bé đạp xe đi học
71,365,Other,máy xay sinh_tố chớ gì .
72,96,Enjoyment,đẹp người đẹp cả giấc mơ 
73,463,Anger,... bố nhà mày ... t nông_thôn còn không biết nấu đòi thành_phố ...
74,848,Enjoyment,nhện thông_minh quá per
75,1347,Enjoyment,quá hay cho admin
76,479,Anger,"thế đường không cấm đỗ , bạn lấy quyền gì không cho người ta đỗ vậy"
77,1648,Anger,đời ghét nhất_thể loại ăn_chặn quỵt tiền người khác . nếu không hài_lòng cách dạy thì trả tiền cho đủ rồi thôi . thời_gian họ bỏ ra thiệt sự quá phí
78,1624,Surprise,sản_phẩm nhìn lạ quá ta
79,1764,Enjoyment,best pha cuối bonus 
80,844,Sadness,chúng_mày có_thể bỏ ra 30s thả tim vào avatar coi như lì_xì muộn cho tao được không ? chưa bao_giờ được 30 tim buồn v . lol 
81,1732,Surprise,tr má cái tướng ổng nằm
82,616,Enjoyment,cái máy này có thật thì bọn chính_trị_gia sẽ ăn cứt hết 
83,1107,Disgust,phạt cho_qua mắt dân_đen thôi mà ?
84,905,Sadness,lấy chồng như 1 canh_bạc . ko hoa . ko lời chúc không gì hết . pải chăng số ta chỉ được vậy . cô_đơn quen rồi
85,861,Disgust,cái quan_trọng là ý_nghĩ chứ đâu phải nó ngu . = ) ) )
86,406,Other,và rồi xung_quanh thắc măc rằng mày đã không còn là con gái từ khi nào
87,1853,Anger,tao là tao tát vỡ mõm ngay
88,28,Other,chửi nữa đi anh ơi : ) )
89,1867,Enjoyment,haha còn tao thì thấy nó lúc_nào cũng đáng yêuc 
90,1079,Sadness,chẳng bằng bố tao 13 năm tự_nhiên hỏi bố biết tên con là gì không thì chần_chừ một lúc rồi phun ra tên chị tao
91,241,Sadness,đúng là chân_thật luôn_luôn tổn_thương !
92,755,Sadness,"per đúng rồi , không muốn xa_cách đâu "
93,885,Enjoyment,thích cái bộ_đồ ngủ gê 
94,461,Enjoyment,ủa là đụme video hài hay deep vậy . chớ tao thấy buồn_cười vãi vì nhây đéo tả được : ) ) )
95,1631,Disgust,neymar mà_lại phải hiếp_dâm 1 cô gái à ? ? ?
96,1806,Other,"đã làm thì làm cho lố vào , không thì khép_nép lại"
97,1063,Other,lead đời_mới chê lead đời cũ là : “ xe mày vứt đi được rồi đấy ” 藍藍藍藍藍
98,500,Sadness,xem xong hết cái video mà cảm_thấy buồn cho cái xã_hội bây_giờ
99,220,Disgust,ngu mới lắp . tiền gửi ngân_hàng được nửa tiền điện cái hoàn vốn . sau_này nó hấp_thụ kém mặt_trời . lại thay .
100,1001,Disgust,bởi_thế việt_nam đéo bao_giờ khá nổi về mặt ý_thức được = ) ) nhờ mấy đĩ này chứ đâu : v
101,1050,Enjoyment,tình_yêu lớn lên sẽ mang người con gái ta yêu thành gia_đình . family is all
102,517,Other,: ) ) ) ai hỏi mày : vv
103,618,Enjoyment,"nhin gia dinh họ that de thuong , hạnh_phúc"
104,1830,Enjoyment,không hiểu sao đoạn này rất kích_thích trái_tim hủ nữa của tao = ) ) ) )
105,440,Anger,ý_thức như lol . 
106,48,Fear,"sợ vãi , mém xỉu"
107,758,Sadness,mùa thu năm ấy cta đã gặp nhau ?
108,1036,Other,"per đấy , có người đưa ra quyết_định đúng lúc thì các em đỡ khổ còn gì"
109,85,Enjoyment,dù thời_tiết nóng_bức ... nhưng ăn vải vẫn là ngon nhất
110,1458,Sadness,"ăn 1 miếng bò mà giết thêm đàn kiến . chưa biết ngon thế_nào nhưng một đàn kiến về cõi vĩnh_hằng , tội cho đàn kiến ."
111,1169,Disgust,s không để tới lúc chết rồi thêm kỷ_lục xác_chết có móng tay dài nhất : v
112,36,Disgust,động_đực à mấy thằng kia ? : ( ( thương lũ chó nhà tao mấy tuổi rồi vẫn không biết động_đực hay đi tìm gái cơ ! ! = ] ]
113,678,Other,một lần chơi lớn để xem anh_em có trầm_trồ : 3
114,976,Enjoyment,đã trải qua và thấy chuẩn cơm má nấu
115,303,Enjoyment,"công_nhận , thời xưa bệnh mà cũng vui vãi . : ) ) )"
116,1693,Enjoyment,và cứ thế tôi khoá lại 3 năm thanh_xuân tươi_đẹp của mình : )
117,773,Disgust,như đùa ở vn mà như trên sao_hoả vậy
118,1075,Disgust,chơi cái_trò gì mất_dạy dậy ... chơi mình đi má ai rãnh đâu mà chơi ....
119,637,Anger,"đm bào tao tao cầm nón nhảy vào phang vỡ con_mẹ nó alo chứ ở đấy đòi đo lồn , tao lại xé con_mẹ nó háng ra !"
120,297,Enjoyment,biết trân_trọng những gì mình đang có ☺️
121,1310,Disgust,ngu thiệt trời
122,308,Other,nên phát_huy
123,559,Sadness,đến giờ tao vẫn chưa biết biển là cái gì ad ạ .
124,404,Other,vàng chắng bây_giờ thành chắng tay ! em bình_phước đây ! em hiểu cái này hơn các bác nhiều đó !
125,1696,Other,"ngày hôm ấy , buổi học cuối ... tao bị 2 thg bạn rủ cúp học chơi net : ) )"
126,271,Enjoyment,già còn thích phi_công = ) )
127,1881,Enjoyment,cám_ơn các_anh
128,1009,Enjoyment,mình sống ảo quen rồi nên đắp mặt_nạ cũng đắp bằng app luôn : ) ) ) )
129,141,Enjoyment,học giỏi lại xinh_xắn hì
130,743,Enjoyment,crush hôm_nay đeo khẩu trag không thấy nó cười mà nhìn mắt dể thương vãi ra 
131,11,Anger,địt cụ hỏi nhiều vãi
132,304,Fear,per mày cứ kén_chọn đi chúng_nó yêuc nhaooo hết rồi kia kìa ahuhu .. không tin vào mấy thằng ông nội cơ bắpppp nữaaa
133,1421,Enjoyment,per ê chó coi đi nghe nói hay lắm á
134,105,Fear,bức ảnh này lại làm mình bị ám_ảnh . haz
135,82,Disgust,bất_nhân
136,986,Other,không biết là sống ngoài đó rồi đi ị như_thế_nào 樂
137,100,Enjoyment,"a nói là anh làm ngay đấy , các chú đừng đùa với anh "
138,721,Disgust,per per per tao chả tháy bài này hay cái gì cả . nhạt_nhẽo ..
139,1153,Disgust,"a trai mình từng làm trung_nguyên 3 năm thôi . cũng gặp qua bà thảo với ông vũ rồi , bà thảo đúng chất con_buôn , tham_lam lắm , chả có tâm chút nào "
140,399,Disgust,ghét nhất_thể loại này
141,1308,Disgust,"lũ khốn_nạn , giết người không dao"
142,1116,Disgust,"nhiều người việt_nam ngộ lắm bỏ ra có 5k mà đã muốn làm mẹ thiên_hạ rồi , chứ nói gì 100k"
143,1218,Disgust,"có gạt_tàn , gạt_tàn thuốc dô gạt_tàn xong_xuôi còn đầu_lọc vứt xuống chân .... đéo hiểu"
144,1619,Disgust,khôn vặt như này ai chơi lại
145,644,Disgust,per nhai mãi mệt không mày
146,1637,Enjoyment,ừ ... ừ = ) ) ) dume cười gần chết : v
147,811,Sadness,đây là lần cuối_cùng các bạn nhìn thấy anh ấy : d
148,952,Enjoyment,mình làm ở sài_gòn gặp nhiều bạn ở miền ngoài nhưng thích nghe nhất giọng ở phú_yên nghe hay_hay sau ah có ai vậy không
149,1025,Other,cũng không có gì đặc_sắc lắm . vì em còn mặc_cả áo_khoác chống cả tuyết lên cơ
150,1585,Sadness,nỗi đau ấy ai thấy giúp tôi
151,1553,Disgust,sau_này làm phò hết thôi . haizz
152,351,Enjoyment,ui sồi ôi đốn tim vãiiiiiiii
153,271,Other,tiểu_học thì sổ đầu_bài đâu ra vại mấy bác
154,1648,Enjoyment,bố_mẹ teen vãi = ] ] ]
155,359,Other,"kinh_hồn , sao chủ nó có_thể để nó như v được nhỉ"
156,2,Other,lại sắp đánh án lớn
157,1647,Disgust,tiền của mình mà bạn . đừng để người ta lấy
158,477,Other,diệp ngọc miutokool dautay đây là gì ?
159,1161,Disgust,trẻ ăn cơm mốc thì thầy_cô mới có phơ ăn .
160,1679,Disgust,nhìn kinh_dị quá 
161,548,Enjoyment,nhìn 2 cụ thương lạ_lùng . nhìu lúc ước sao về già mình được nv thui .
162,269,Disgust,"dume , cái hồi học lớp 8 , chương cuối của quyển sách cô bảo tự học"
163,1331,Enjoyment,"đúng thế , ở đâu cũng được đâu nhất_thiết phải ở đây"
164,1722,Anger,dume thằng quay_phim khốn_nạn . biết mà đéo bảo người ta đánh xe ra
165,885,Disgust,đồ con heo ma
166,982,Other,tao chắc_chắn là cái sừng đã mọc
167,1950,Surprise,ủa mặt gì mắc_cười vậy
168,736,Disgust,đeo hiểu sao muôn lây chồng tây để sem chúng_nó nhậu_nhẹt nói_chuyện có khác mấy thằng việt_nam hãm lồn không
169,388,Other,chú này hay ở ngã tư hậu_giang với phạm đình hỏ q6 thì phải
170,414,Anger,ủa xây cầu ngắt khúc để troll nhau à
171,227,Enjoyment,tôi đã cười khi xem
172,1014,Other,cho mình hỏi ngu tí . pháp là ở đâu
173,471,Enjoyment,"vui nhất_là câu "" lấy ghế ra ngồi nhìn """
174,839,Enjoyment,: v tới đây đi anh chịu trách_nhiệm cho : v
175,999,Other,tình_phụ tử đúng là vô_hạn
176,290,Other,chó nhà giàu là vậy
177,179,Disgust,agribank thái_độ nhân_viên ở cấp huyện kém lắm
178,391,Enjoyment,cưng ghê
179,1502,Sadness,nếu tao được gặp ba tôi 1 lần nửa thì tao sẻ nói con thw ba nhìu lắm . nhưng lời_nói này chẳng pao giờ được nói nửa vì tao và ông ấy đã xa nhau mãi_mãi
180,1288,Enjoyment,qua rằm mới phải đi học haha = ) ) ) ) )
181,13,Enjoyment,nghe giống ổng là 1 nạn_nhân . 
182,1276,Enjoyment,may nó không đâm cho lòi ruột
183,774,Enjoyment,người ta đỗ giữa 2 cửa thế kia là rất ý_thức rồi
184,1783,Enjoyment,hi_vọng ở tuổi đó gia_đình luôn ở bên để thấy tôi đủ trưởng_thành và thành_công 
185,607,Enjoyment,per giống cái bữa mình viết ghê
186,71,Enjoyment,may quá . vài năm trước khi đi nẹp răng mình không phải chụp xquang
187,657,Other,per : để tao xem chúng_mày hạnh_phúc được bao_lâu 
188,1502,Enjoyment,"chuẩn , thấy đa_phần nam chính vẫn được lòng hơn ."
189,574,Other,công_chúa của anh đói rồi kìa
190,994,Enjoyment,mình ngủ cả ngày canh lúc nó về tới mở_cửa ra đụng ngay mặt nó nhìn nhau cười 
191,727,Enjoyment,móng này mày ra uống chữa yếu sinh_lý với ung_thư ... khá tuyệt !
192,1305,Sadness,huhu xem mà muốn khóc vãi
193,201,Other,con_bé kiểu mày vừa làm cái wtf : ) ) ) ) )
194,151,Other,tâm phải bất dính giữa dòng đời vạn thính
195,956,Sadness,rồi mấy đứa chân không được dài như tao phóng qua kiểu gì : )
196,722,Disgust,nuôi kiểu gì mà để bé vậy đây : ( ( ( (
197,562,Enjoyment,per = ) ) ) nó kể chuyện buồn mà cười vãi cười = ) ) )
198,1948,Disgust,mấy thằng ngu mang danh cổ_động_viên cuồng_nhiệt . ban tổ_chức bắt tại_trận được thằng nào thì bắt nó share ra = ) )
199,1672,Disgust,"ủa nó đá ông da đen mà ... sao tôi kia chửi nó "" da đen "" này_nọ .... ? ? ? ? ?"
200,1146,Disgust,"nội_bộ lục_đục , được nước thả câu lại nhường cho 30 % cổ_phần cho trung_quốc . thế_là thương_hiệu việt nhưng công_nghệ tq "
201,1734,Surprise,về nhanh thế
202,490,Enjoyment,chuẩn luôn : ) )
203,1834,Disgust,nhạc ghét không hay mấy admin ạ
204,1928,Surprise,sao nhìn mặt ông cụ giống tokuda thế
205,951,Disgust,nhìn ngon ngẻ v thôi chứ toàn gay qá : ( (
206,12,Enjoyment,"chuẩn thế còn gì , phải có uy_tín trong nghề mới thành_công được"
207,648,Disgust,giả_dối
208,143,Fear,"gặp một nhà nuôi 1 con chó với 2 con ngỗng , trời_ơi chưa kịp vào nhà , con chó còn chưa sủa mà con ngỗng đã đuổi chạy vắt chân lên cổ rồi : ' ( nhục"
209,1608,Disgust,lại phốt xứ thanh . mệt nhỉ
210,1550,Enjoyment,ha_ha dể thương ❤️
211,675,Other,đây là bếp cồn có từ trước khi giải_phóng nha mấy chế
212,1871,Enjoyment,"per may có con bạn đang giảm cân nhưng nó hiền , nó sẽ lao vào ăn cùng tao chứ không tát sấp_mặt tao như_vậy , phải không ?"
213,1452,Enjoyment,"ngày_xưa toàn ăn cơm với nước_mắt , ngày_trước giận bố lắm , nhưng giờ mới cảm_ơn bố vì như_thế mới có mình ngày_nay"
214,393,Other,chưa ai chịu được
215,757,Other,em mong chỗ tiền anh kiếm được không bị vợ giữ nốt 藍
216,1915,Disgust,"ngày_xưa thầy dạy toán tao còn đấm thụi thụi thằng ngỗ_ngược trong lớp đấy thôi , cả lớp cười ầm . giờ mạng xã_hội phát_triển , quan_trọng_hoá vấn_đề , cái nhỏ đưa lên mạng là thành cái to"
217,1704,Enjoyment,tao nhìn thấy thèm 藍
218,308,Enjoyment,"một đời chẳng mong phải nhà_lầu 4 tầng , xe_hơi hàng tỉ , chỉ mong người đàn_ông đi cùng mình đến cuối đời sẽ luôn nâng_niu yêu_thương mình "
219,922,Sadness,an_ủi cũng ghen à : (
220,749,Other,bếp dầu_hoả chứ cái gì
221,1108,Disgust,chẳng_là cái gì cả
222,1463,Disgust,thằng ngu_muội 
223,1206,Enjoyment,đỉnh_cao : ) )
224,529,Sadness,bằng tuổi em các bạn đang ôn thi mà em phân_vân không biết chọn trường nào : ( (
225,1493,Anger,láo vãi
226,1651,Enjoyment,bác vẽ làm tao nhớ con cá này vãi = ) ) )
227,625,Other,per còn nhớ cây nay không
228,1278,Sadness,đi làm quán nước mà mỗi cái bịch nay long đựng ống hút nó cũng xé nhỏ ra rồi để bay tứ_tung đi quét đã muốn lòi lồn
229,818,Other,thẳng_thắn cho đỡ mất thời_gian của nhau
230,1622,Enjoyment,cười vãi : ) ) ) tếu thật_sự luôn ý
231,623,Other,đó căn_bản chỉ là phép lịch_sự tối thiếu thôi
232,140,Disgust,quá xàm
233,261,Disgust,anh_em có thấy cắt video không . thấy xl quá
234,1849,Sadness,và mày chợt nhận ra người_yêu củ của mày có người_yêu mới huhu
235,1384,Enjoyment,per đóng vai chính đúng xuất_sắc lun
236,594,Other,giữa dòng đời này chắc mỗi mình mình xin list nhạc : 3
237,1922,Disgust,"tao ghét mấy thằng có tiền , nhìn ngứa_mắt . tính kiểu gì cũng có chỗ không ra gì . có tiền là bố thiên_hạ hả ."
238,1310,Enjoyment,"dễ_thương , đáng yêu , cưng ..."
239,1217,Sadness,tiếc là chưa thấy cậu cười ngoài đời bao_giờ
240,146,Fear,per về xem anh : v đái ra quần chuẩn mẹ rồi
241,93,Enjoyment,khung_cảnh ấy cuộc_sống đấy mỗi lần được xem yên_bình nhẹ_nhàng cực ! yêu bạn ấy
242,841,Other,đánh cả bố lẫn mẹ nó cho nó chừa
243,249,Disgust,"súc_vật , đề_nghị xứ án_treo cho bác per à mà treo_cổ nhé : )"
244,228,Enjoyment,phim này mới ra được có tập 1 thôi . hay phết
245,120,Fear,đù . ? ? ? ? ? ? sợ tụt lol
246,110,Fear,"bị chó rượt cũng không đáng sợ bằng mẹ này . gặp chó mà có ý_định rượt thì đứng im hoặc đi nhẹ_nhàng nó nghỉ rượt . còn mẹ này chạy mẻ rượt , đi nhẹ mẻ rượt , đứng im mẻ mổ như mổ thức_ăn . thiếu_điều muốn quỳ lạy_van xin mẻ luôn ."
247,695,Disgust,ông anh đỗ xe cũng vô_duyên mà chị chủ thớt bán hàng online cũng chẳng kém duyên
248,1049,Sadness,hàng nông_sản việt_nam là thứ bị cạnh_tranh và phá_hoại nhìu nhất 
249,203,Enjoyment,những người có tài như này công_nhận giỏi
250,1588,Disgust,vô_tâm vãi . thôi độc_thân vui_tính đi .
251,1570,Disgust,cần gì làm quá như thế : v
252,1521,Sadness,"nước_mắt tự_trào ra , thật_sự rất cảm_động "
253,1576,Sadness,đừng bỏ tao ra đi mà
254,1654,Surprise,gía rẻ quá
255,11,Fear,chắc thôi tao đéo ra đường luôn : ) ) ) sợ vãi
256,573,Anger,xem đến cuối video mà vẫn đéo biết con_nhỏ đó muốn gì . dài_dòng vãi
257,106,Other,ờ thì giống nhau hay chỉ là trùng_hợp
258,1576,Disgust,hành_văn khó hiểu vãi 樂
259,190,Fear,"cứ thấy nó là đi_đường_vòng , dù đường hơi xa vẫn đỡ hơn bị nó dí = ) ) )"
260,993,Enjoyment,bà ma nữ nhập vào nv chính thấy dễ_thương dã_man 
261,1456,Sadness,1 câu_chuyện buồn : ) ) khuôn_mặt biểu_cảm : ( (
262,391,Anger,chơi thế không hay nha page dume : ) )
263,1518,Sadness,"tao buồn quá , tao đang khóc ! ! !"
264,997,Other,các bạn làm bố đi rồi sẽ hiểu được bố_mẹ mình yêu mình nhiều thế_nào
265,1144,Enjoyment,câu_chuyện mọc_sừng được bắt_nguồn từ đó 
266,312,Other,vậy_thì nói ngoài đời đi
267,477,Disgust,"phải hỏi đứa nhỏ xem có phải ba nó không đã , nếu nó chưa biết nói thì nhìn ánh mắt nó thì biết thôi . mấy người tay và miệng nhanh hơn não này đúng là gây hoạ cho co người ta"
268,1759,Other,có 5tr thôi à
269,140,Fear,"suốt ngày trật ray , còn hay không sự phù_hợp hệ_thống ray - tàu với hệ_thống đường_sắt vn"
270,772,Other,may không đi
271,1614,Enjoyment,có cả túi vứt vỏ kẹo . văn_minh vãiiii
272,356,Enjoyment,hay quá
273,275,Disgust,nghe có_vẻ vô_lý nhỉ
274,1391,Enjoyment,vk em nó bảo bếp gas các bác ạ 藍藍藍藍
275,1339,Enjoyment,"có tớ nhé , bạn không cô_đơn đâu ."
276,1117,Enjoyment,chạy xe hơn 40 ' chỉ để chạy ngang chỗ crush làm nhìn 1 cái rồi về : ) đến giờ vẫn vậy cứ rảnh là chạy vô nhìn cái rồi về : )
277,901,Other,"tao không khóc , tao nghĩ ... tao sau_này có một phút nào đó muốn quay lại hay không ..."
278,1534,Enjoyment,hỏi sao bác_sĩ hay bị người_nhà bệnh_nhân chém : ) )
279,1513,Sadness,coi phim này mà ứa nước_mắt 
280,184,Other,mình đã học được cách giả_vờ như không nghe tiếng gì .. còn bị chửi dài_dài cho tới khi trưởng_thành hãy tập quen với điều ấy : ) )
281,481,Sadness,xem hết mới biết cái video nó không phải video hài thấy buồn_buồn 
282,1327,Fear,"đừng tin vào lời ong_bướm , đó là hố sâu , là cạm_bẫy tình_yêu = ) )"
283,755,Enjoyment,còn tao thì 14 / 2 này trở đi tao không còn fa nữa mà chuyển sang những người già neo_đơn .. kkk
284,805,Enjoyment,t thì thik cầu này vãi ... kiểu mấy người năng_động thì sáng nào đi qua cầu này cũng vui
285,1525,Sadness,"thề , coi rồi mà xem_lại vẫn buồn"
286,496,Anger,tổ_cha thằng viết kịch_bản . mồi dâng đến miệng mà không cho ăn . bếp trưởng said
287,263,Other,đỗ chỗ này hay bị mưa gạch lắm
288,1952,Disgust,"bảng thống_kê so_sánh ngành_nghề , vị_trí lẫn_lộn , vô_giá_trị ."
289,277,Disgust,ko còn tính người nữa rồi
290,1876,Enjoyment,"ôi trời_ơi , buồn_cười quá đi mất "
291,625,Sadness,"đặt mình vào vị_trí của nhau , biết lo_lắng suy_nghĩ san_sẻ cho nhau vậy là đủ rồi . có quá khó không ?"
292,259,Other,"bác khoe cái gì , em đây đi xe_lăn nhé , xe_đạp chỉ là ước_mơ của em thôi"
293,1170,Enjoyment,"chị ấy cười với tao kìa chúng_mày , hạnh_phúc ghê "
294,943,Other,"ai chả có lúc nóng , quan_trọng sự kiềm_chế của bạn như nào thôi"
295,1037,Enjoyment,con dang yêuc qua ha
296,829,Other,tới luôn em ơi .
297,212,Other,con này nó nhờ thằng kia dọn mạng_nhện ý mà có gì đâu
298,27,Other,lớn quá rồi chẳng được mẹ mắng_chửi nữa : 3
299,670,Disgust,nha ̀ nươ ́ c pha ̉ i bo ̉ tu ̀ mâ ́ y thă ̀ người la ̀ mày oan sai cho ngươ ̀ i dân thi ̀ chu ́ người no ́ mơ ́ i sơ ̣
300,446,Other,có tiền thì có vị ngọt và không có tiền thì đắng và cay thế thôi
301,805,Other,"theo bác thế_nào là tránh cửa ra 1 tý , cả cái vỉa_hè nhắn_tin kia bạn còn muốn tránh đi đâu"
302,458,Other,tao vẫn nấu hôm trời mất điện
303,329,Anger,tử_hình loại này đi
304,569,Disgust,fa đéo thích video này 
305,511,Other,"tao thấy không có người_yêu vui mà , 5 năm rồi không yêuc"
306,1879,Disgust,bắt được đứa nào rải đinh cho nó đi tù . coi_thường tính_mạng người khác
307,1735,Enjoyment,per sắm 1 cái cho công túa ngồi nhà kêu gu gu hí = ) ) ) ) ) ) ) ) ) ) )
308,597,Other,thằng con đã thấy được sự sợ_hãi trong mắt bố nó rồi
309,1879,Other,8h sáng sợ nó ngủ còn chưa dậy á
310,101,Enjoyment,chỉ cần follow anh trum trên twirter là chuyện quan_trọng gì của mẽo trên thế_giới cũng biết hết ; ) )
311,1464,Disgust,ghét 2 đứa này quá đi
312,82,Other,thế_là đầu khấc mất vợ tương_lai
313,1138,Enjoyment,dễ_thương vãiiiiiiiii
314,1915,Enjoyment,"cũng như đàn_ông gục ngã trước cô gái nhiều sắc ! đặc_biệt là 50 "" sắc "" thái "
315,275,Other,con rắn thật nó lại tưởng đồng_loại nó chui mọi người vào ở luôn
316,328,Enjoyment,có đứa con gái như_vậy kêu làm_việc nhà hằng ngày tôi cũng làm nữa 
317,416,Enjoyment,chuyện thì buồn nhưng nhìn cách kể của bé này thì nhịn cười không được 
318,1342,Enjoyment,per nhớ nhà mi có hè 
319,1581,Disgust,thằng học_sinh làm khổ bome mày rồi
320,997,Enjoyment,sao lại cưng đến thế_này ^ ^
321,635,Other,"thuyết âm_mưu . nó đang muốn nhờ_vả đấy , không nhờ được thì nó vả"
322,324,Fear,moá . vẫn nhớ hồi nhỏ bị ngỗng đuổi . đù má tao mới là đứa bé ngây_thơ hồn_nhiên thôi mà dume tao sợ tao ám_ảnh đến bao_giờ huhu 
323,1665,Other,thằng này đi sing học luật hay sao mà viết hay quá vậy ?
324,1128,Sadness,và đó đéo phải là tao = ) ) )
325,209,Other,nách kẹp cái gì ấy nhỉ các bác
326,191,Other,đắng lắm .. mà qua rồi nên bỏ đi .. khẩu nghiệp nữa
327,42,Disgust,"con_người hay con vật nó còn biết suy_nghĩ , đây là loại gì"
328,1140,Enjoyment,chào tháng 10 ! ! tháng sanh thần của tôi .. hi_vọng mọi chuyện tốt_đẹp
329,527,Enjoyment,cái nay nhận ra lâu roài . mà đi làm toàn gặp đồng_nghiệp đáng yêu hi
330,1630,Disgust,lại khiển_trách kiểm_điểm rút kinh_nghiệm nữa ah
331,669,Anger,tao cũng co con gái nhưng nó không như loại mày đẻ ra chỉ đau lol phí cả công nuôi nuôi con chó còn hơn nuôi loại con như mày
332,833,Sadness,cái cảm_giác nhìn người_thân mình khổ còn mình lại chẳng làm được gì giúp .
333,87,Other,cuộc chiến_đấu vẫn còn tiếp_diễn
334,1656,Enjoyment,cái dây ở ảnh đầu xinh vãi vậy
335,779,Other,"đó là kiểu người thích cuộc_sống về đêm và ghét sự thay_đổi , về mọi thứ !"
336,164,Enjoyment,"thank you giỏi quá vì nước quên thân , vì dân phục_vụ ..."
337,1745,Enjoyment,từ diễn_viên đến ekip đỉnh vãi coi không sót giây nào
338,1475,Disgust,hỏng cả 1 thế_hệ
339,54,Enjoyment,t phải tìm bạn trai là nhiếp_ảnh_gia mới được 
340,506,Enjoyment,gắn_bó thời sinh_viên á !
341,1554,Enjoyment,dễ_thương quá_trời hà .. 
342,210,Fear,per nhà mày mà nuôi thêm con này nữa là ám_ảnh cuộc_đời tao
343,382,Fear,chắc ỉa ra quần chứ đéo đùa - . -
344,681,Other,khi nào ổng nói được tiếng việt theo giọng của người miền tây thì tôi xin lạy
345,975,Other,per khi bạn đang feed mạng nhưng chị bạn lại bật hongkong1 : ) ) ) ) ) ) )
346,22,Enjoyment,hàng_xóm cũ của tao cũng thế may_mà bà ý chuyển nhà rồi 
347,1458,Other,thông_minh mấy yêu vào cũng ngu
348,517,Anger,"gặp tao , tao sút cho vô mỏ"
349,990,Sadness,ai đó hãy tát trà sữa vào mặt tao đi 
350,1783,Surprise,"nhiệt_điện à bác , sao em không thấy nhỉ"
351,1603,Enjoyment,muốn nhanh thì cứ phải từ_từ = ) ) ) ) )
352,1277,Enjoyment,lò xô kkk lâu quá không thấy
353,237,Anger,đề thi rồi cũng lỗi được ! ! ! bực_mình
354,280,Other,yêuc nhau một_cách tự_do . tôn_trọng sư riêng_tư của nhau
355,423,Anger,truyện đặng_như kim nèk ... tụi bây còn ăn_hiếp anh nữa là hối_hận không kịp nhé
356,31,Enjoyment,mỗi tao thấy hồi xưa còn đẹp hơn à : ) ) ) bây_giờ nhìn như bóng long_xuyên vậy
357,154,Enjoyment,"dân vũng_tàu có khác , toàn người nhân_cách cao"
358,1795,Disgust,áo sơ_mi trắng mặc_cả ngày thì nó cũng dơ và hôi vãi ýk = ) )
359,1773,Surprise,ý_tưởng thông_minh đó con
360,337,Disgust,qua đoạn vd ngắn này ta sẽ nhận ra rằng cgai nghĩ mình làm cái gì cũng đúng . cái gì cũng biết nhưng thực_ra đéo biết cái con cặc gì
361,1324,Disgust,lêu lêu con đĩ chó ! ! ! giờ thì mày biết ai là con_đẻ ai là con_nuôi rồi đấy : >
362,1454,Sadness,"hút điếu cần xong nhìn nó ăn mà muốn phá cái tủ_lạnh vô_dụng của nhà mình quá , đéo đủ sức đựng thịt bò toàn rau ."
363,377,Other,nằm võng đung_đưa cho muỗi khỏi đốt
364,1011,Enjoyment,đáng yêu quá . phải thằng trai nhà tao thì nó sẽ nhẩy vào tính ôm luôn cái máy ấy về = ) )
365,87,Enjoyment,nóng như này ăn vải là thích nhất còn gì ... auto mát
366,554,Anger,riêng đéo gì tối nay mà khóc với lóc
367,1683,Enjoyment,thế_này đã là sướng lắm rồi = ) ) các b khoe biển toàn tiến với tứ ngũ quý vậy 
368,766,Other,điên lò nấu dầu
369,853,Disgust,nói chi nhiều . mở cái king ' s coffee mà giống đến 90 % trung_nguyên thì hiểu rồi .
370,1356,Disgust,"sờ thử lên đầu xem có sừng chưa , khéo nhắn cho thằng khác nhưng lỡ gửi cho mày đấy = ) ) )"
371,388,Fear,per dã_man
372,661,Disgust,nó xoá tang_chứng rồi kiện lên trên cũng vậy thôi để luật nhân_quả con_cháu nó chịu
373,1243,Enjoyment,ngôn tình đầy_rẫy là một cô gái sao em lại bỏ_qua bao_nhiêu mơ_mộng
374,325,Other,"ngta có câu nhất cự_li nhì tốc_độ , mày phải ghi xát dô , ghi nhanh nhanh nữa , ..."
375,898,Enjoyment,đó là khi tao muốn cắn ai đó điên_cuồng : )
376,1658,Enjoyment,"đó là lý_do tại_sao tao chẳng bao_giờ đi hùa mấy bài bóc phốt , xem cho vui rồi lướt thôi : ) )"
377,1788,Surprise,điệt cao_thế lên tầm này mà chưa chết nhỉ
378,1086,Sadness,xem video cu ̃ người cho ́ người hê ́ tao ca ̉ mă ̣ tao
379,519,Anger,"cảm_giác này vừa bực_mình , vừa bất_lực , là cái vất_vả của nông_thôn như tao , chứ đéo thấy buồn_cười đâu"
380,713,Disgust,"cũng có_khi chơi với con gái ít vì nó quá xấu_tính đéo con nào thèm chơi với nó , chỉ có_thể chơi được với bọn con trai"
381,1592,Other,thanh_niên phượt rách dép = ) ) )
382,421,Anger,có con cục gạch kia xong chả biết từ đâu_đâu lôi ra con ai phôn chơi : ) ) ) vô_lí vãi : ) ) hư_cấu 
383,1825,Enjoyment,ai như tao nghe tự_nhiên thấy ấm lòng vãi không
384,1692,Surprise,ko hiểu sao lương cao_thế nhỉ
385,829,Sadness,"mong ai đó sẽ không nghe được bài hát này . xin_lỗi , ngàn lần xin_lỗi "
386,1017,Enjoyment,hai ông_bà thật hạnh_phúc
387,822,Sadness,"trước tao cũng tin vào tình_yêu chân_thành lắm , niềm tin chết rồi"
388,85,Other,bề_ngoài tỏ ra cứng_cỏi nhưng bên trong con chó đó luôn khao_khát tình_thương từ con_người
389,204,Other,để cưa cái bàn chớ làm_gì
390,1096,Enjoyment,nên gan ngỗng ăn ngon đó
391,481,Other,cúi xuống húp liền còn chờ gì nữa thằng chụp ảnh 
392,1850,Disgust,mày có gặm được củ cà_rốt đéo đâu mà chảnh choẹ với tao !
393,321,Enjoyment,ngôn lù thế hahaaa : ) ) ) đáng yêuc vãi
394,906,Sadness,liên_quan à . cr mày đéo thương mày đâu . nó có crush mới_rồi . 
395,1505,Disgust,chưa gì đã mất_dạy
396,917,Enjoyment,"nhớ lúc trước có thằng bạn học rất giỏi và đẹp_trai , lớp phó kỷ_luật lạnh_lùng và tàn_ác không thương sót ai , ghi hết vào_sổ . chỉ riêng mình là có_thể giật tập nó để chép bài và đánh nó không thương_tiếc mà nó vẫn im_lặng , không bao_giờ bị nó ghi tên vào_sổ . kiểm_tra quay phao nó giục bỏ và canh cô đưa bài cho chép"
397,1462,Sadness,"thanh_xuân của tớ gặp cậu rồi , 4 năm rồi , chỉ có_điều vẫn là 2 đường_thẳng song_song"
398,841,Sadness,: ( ( ( tôi vẫn chưa sẵn_sàng để đi học mà
399,1814,Disgust,này thì chu cái bản mỏ ra
400,676,Other,có những người chỉ cảm_thấy mình tồn_tại khi được chửi_bới .
401,1363,Enjoyment,nhớ hồi mình làm_đồng_nghiệp ghê : ) ) )
402,587,Anger,"ăn_hại zồi bắt em_gái nó dọn , quá_đáng lắm rồi đó"
403,832,Disgust,người đàn_ông quái_vật
404,306,Disgust,xuống thì xuống đựợc nhưng_mà bọn nó bảo là xã_hội_đen nó theo_dõi nó giết thì là xạo lờ . bọn nó dựng_chuyện câu thích đấy
405,1667,Surprise,"phim giật_gân , hấp_dẫn đấy"
406,1901,Surprise,diệu_kì quá
407,24,Fear,"per đang định đi chụp , thấy cái này sợ quá đéo đi_nữa"
408,595,Sadness,per ơ tao còn chưa kịp đến bắt_tay mà : ( (
409,217,Disgust,vẫn là cái thói đối tốt với người ngoài và làm đau người_thân quanh mình !
410,444,Enjoyment,"tháng 10 đến rồi , em đừng buồn nữa nhé ❤"
411,176,Other,nó không cắn đâu_đó là chó thường còn chủng_tộc ngáo này thì không biết
412,1477,Enjoyment,"còn tao nhé , hơi bị ngon"
413,631,Enjoyment,per nên mày hãy yên_tâm về mấy con nhện nhé : ) ) )
414,639,Other,hãy cứ hết_mình đi ... chứ chả bít được ngày_mai ra sao cả ) )
415,267,Enjoyment,"haha , , , sao không kêu tao .."
416,560,Enjoyment,per bếp thần_thánh thời sanh viên 
417,4,Other,lỗi tại thằng bán hàng
418,384,Other,môi_trường tù chưa cho nó cái nó cần rồi
419,1506,Enjoyment,hahaa nhìn mắc_cười vãi per
420,1557,Enjoyment,rất cá_tính : v
421,1510,Enjoyment,"kéo bấc mòn cả tay , ma nghĩ lai thấy nhớ thời đó nhỉ "
422,1204,Sadness,"động_lực là tình_yêu . vì sau khi chia_tay , tôi đã thấy mình vô_dụng trong một thời_gian dài ."
423,974,Enjoyment,chủ_tịch giả_vờ luyện vỏ và cái kết sấp_mặt luôn haha
424,762,Sadness,chồng tương_lai lại nuôi vợ thằng khác
425,1542,Anger,gặp em tao mà bị đánh như thế thì mấy đứa đánh có mà chuyển trường trốn luôn hoặc quỳ lạy_van xin tha : )
426,1135,Enjoyment,bư ̃ anh trước mới nghi ̉ xong tao đi đa ̀ nă ̃ người chơi 3 nga ̀ y xong vê ̀ kho ̉ em re = ) ) )
427,931,Other,per mẹ mà có cái này thì ngồi nói_chuyện cả ngày
428,151,Disgust,k phải tôi lùn mà . mấy người kia bị bệnh thừa xương ; ( )
429,1727,Enjoyment,"vừa lắm ... cho chừa nè , ahihi đồ ngốc "
430,1022,Other,bài_học ý_thức mất rất nhiều thời_gian và phải cần có biện_pháp mạnh .
431,1163,Disgust,tao ở chợ viềng 2 nam_trực đây . đông vãi chưởng . chen nhau suýt chết bẹp
432,186,Disgust,tát thẳng đi ... tởm
433,1018,Enjoyment,per ông_xã xem khúc nó kéo xe chở con chó nè : ) ) đọc bình_luận hài_hước ghê
434,1700,Surprise,ủa sao vụ này vong đòi có 5 triệu thôi á . không bị tù_tội gì sao ?
435,208,Other,cái bài hát dẫn đến mối tình đầu tiên
436,1920,Disgust,"muốn tiếp_thu giáo_dục phương tây thì tiếp_thu cho trọn , đừng nhặt vụn_vặt làm sai_lệch một thế_hệ tương_lai ."
437,1244,Disgust,nhảm vãi lồn
438,1059,Other,con gái không phải là người tham tiền tham trai đẹp tham này_nọ đâu nhé ... chẳng_qua họ cần tìm chỗ dựa thôi .
439,1291,Sadness,chỉ thấy dễ_thương và xinh khi crush thôi khi hết crush thì có cười nấy cười nữa cũng không có cảm_giác
440,1645,Disgust,hic không phải tiền của mình nên có_vẻ nhiều người xem nhẹ quá nhỉ . 580k to mà công_sức các thứ các thứ của chủ thớt chứ có đi xin đâu ? : ) )
441,935,Other,thế mày thích hiền_lành dài_dài rồi bùng_phát hay mày thích ngày đéo nào nó cũng nổi điên : ) )
442,958,Other,người anh_em thiện lành nhận bao tiền để viết bài này ?
443,30,Sadness,chời ơi mới chụp răng 2 bữa trước về không ngủ được tới nay luôn
444,752,Disgust,xấu vãi đái còn bày_đặt
445,860,Other,sao tao lại cười khi mà mẹ thằng này sắp nát mông đến_nơi nhỉ 
446,1307,Sadness,đau_lòng qá huhu
447,1084,Sadness,23 năm rồi tao còn chưa được đi chơi với bồ trung_thu lần nào cả : (
448,452,Enjoyment,thật dume nge yêu_thương gì đâu : ) ) bắn tim bụp bụp
449,565,Enjoyment,a đến sớm hơn nhé 
450,441,Other,"đúng luật thị_trường cung - cầu thôi . ai cấm các bác ra phố gửi xe , hoặc đi taxi đến . chui vào viện làm gì ?"
451,86,Enjoyment,"đầu mùa mà trên nhà tôi vải có 15k / 1kg , ăn tã từ đầu mùa "
452,118,Disgust,nhìn ảnh này tao lại thấy buồn_nôn
453,707,Sadness,chờ có người giận mà không được
454,1752,Surprise,ông này nội_công thâm_hậu nhảy lên gẫy cả cây_thế là té đít dầm xuống đất . tại hạ bái_phục
455,112,Disgust,và sau đó nó bảo đùa đấy và loan tin mày tỏ_tình nó cho tất_cả mng biết 
456,14,Enjoyment,yêu nghề chuẩn mẹ rồi
457,150,Fear,dạ cho em hỏi cái đường này ở đâu z ạ . để em đéo tới đây ạ . đm bước cái chắc tét háng
458,288,Disgust,"cái ly hương nó cũng cướp , hết_biết nói gì luôn . "
459,1936,Disgust,nhiều người ý_thức kém quá
460,484,Enjoyment,khi nào đón bé về nhà nhớ chụp đăng lên cho bọn tao coi dung_nhan thằng bé nha : vv
461,1275,Enjoyment,không liên_quan nhưng sao mị thấy mông boss cong quá đi aaaa ~
462,1208,Enjoyment,nghe hay
463,1741,Surprise,per ác_quỷ ma sơ hay dã_man ý
464,1662,Disgust,ôi đất_nước tôi ... hở ra là bàn_thờ bát nhang 
465,798,Enjoyment,bây_giờ mình 56 tuổi vẫn dùng để bắn bọn chuột neo dình sơi chim cảnh rất hiệu_quả các bạn ơi
466,352,Enjoyment,chuẩn bài = ) ) ) )
467,575,Anger,per đừng có mà thân_thiết với tôi
468,1297,Disgust,và đéo tin được đứa nào
469,339,Disgust,thằng ăn ốc đéo phải trả tiền thằng đổ vỏ lại phải trả tiền …
470,217,Enjoyment,per có ai còn nhớ thời đầu băng xem đi xem_lại xuốt ngày không kakak
471,159,Other,góc chụp đẹp và ánh_sáng tốt
472,258,Disgust,"cái đoạn bôi_son nhìn vớ vẫn , nghĩ sao dùng xong mà nó còn nguyên . vớ vẫn"
473,273,Enjoyment,cảm_giác vừa uống cà_phê vừa hát mỗi ngày bình_an lắm
474,77,Other,"nên chọn thằng không học_bổng , vì thằng đó giàu hơn"
475,401,Fear,một đứa sợ sấm chớp không thích hình_ảnh này huhu
476,677,Disgust,"66 năm trời chỉ để ghi_danh kỷ_lục dzớ dzẩn , nhìn gớm chết với bất_tiện vãi chớ sướng ít chi chịu_đựng mấy chục năm trời"
477,535,Other,cảm_thấy nhột đít
478,684,Other,may thằng đó không nghe lời vợ
479,1631,Fear,vãi : ) ) độc đấy
480,1341,Enjoyment,con mong cụ cuộc_sống sẽ tốt hơn 
481,69,Other,nóng cỡ nào nhĩ
482,426,Other,dậy đi học đi con ơi
483,1900,Surprise,ông luôn biết trước thời_đại . 66 năm trước . ông biết mình sẽ được lập kỷ_lục thế_giới về bộ móng tay này . ông giỏi thật
484,726,Enjoyment,"tao khuyên mày , bật lên mr . siro lên mà nghe , đời sẽ vui_vẻ hơn = ) )"
485,471,Anger,ngon xuống đây nói_chuyện tử_tế với bố như 2 con chó xem
486,1094,Sadness,nếu không gãy đó la 1 bài quyền đẹp rồi : ( (
487,1704,Surprise,phải giăt ba tay luôn hả
488,1579,Sadness,chưa kịp đặt_chân đến chiêm_ngưỡng nó ...
489,843,Disgust,nhiều khi làm ks gặp khách hai lúa mệt vê ca lờ . ks không cho mang đồ sống đồ hải_sản lên phòng . tụi nó giấu trong balo mang lên tới khi lên dọn nhìn cái phòng muốn mửa
490,451,Anger,lũ này cho nghỉ_việc thay người khác còn bao_nhiêu người đi xin việc kìa xử_phạt thì trẻ cũng đã ăn rồi lũ mất nhân_tính
491,1481,Disgust,"chắc lại thấy tự_hào , tưởng thế_mà hay"
492,525,Other,vẫn hay mà
493,1872,Anger,ghét vãi nồi
494,700,Enjoyment,"bức ảnh rất đẹp , cám_ơn người chụp hình"
495,1516,Sadness,xem đi xem_lại mà khóc sướt_mướt 
496,782,Enjoyment,tình_yêu là một thứ cao_đẹp hãy trân_trọng nó .
497,1057,Enjoyment,chủ kiểu lol gì đáng yêu vãi ? ? : ) ) ) )
498,617,Enjoyment,"hai đứa chia_tay , tao nhảy vào ."
499,1765,Surprise,ho mạnh có_thể làm gãy xương sườn cơ à ? ?
500,1722,Enjoyment,"per thế_là 2 anh này chưa gặp tao rồi , = ) ) 7km nhé"
501,841,Anger,có người_yêu thì lo giữ đi mấy má khoe khoe cái buồi dume xem mà thấy tức vãi : ' ' >
502,1691,Anger,"điều_tra nguyên_nhân cái cái gì . vì hám lời nên coi_thường cong nhân , răn_đe chỉ béo tiền đút_lót"
503,1718,Disgust,ngu rốt là phải trả_giá bằg tiền_mặt . tàu nó chạy trên thanh day sắt chứ đánh lái cái gì
504,453,Sadness,buồn hơn thế_là đối_với 1 đứa con gái năm_lần_bảy_lượt chủ_động ib họ nhưng vẫn bị xem_thường ... xem mà đéo rep ... hết thương là vậy ... 
505,1276,Fear,tao lại sợ mày quá cơ : ) ) )
506,940,Enjoyment,tự_nhiên thấy cảm_động hic
507,560,Anger,điên mẹ rồi
508,1436,Disgust,tôi cũng đến chịu mấy thanh_niên có cái suy_nghĩ muốn làm con mèo .
509,91,Enjoyment,rất là hâm_mộ chị với tài nấu_ăn ngon lại có nét dịu_dàng rất tự_nhiên thật_sự thích ❤️
510,1628,Disgust,nó bất_ổn của đủ hay sao mà nhập thêm lũ chống_đối vào nữa : 3
511,389,Other,ko nên vì tất_cả do người_lớn sắp_đặt cả không nên cho lớp trẻ mất newnf móng
512,1471,Enjoyment,nhìn mặt ông thầy cay lắm : ) )
513,3,Other,mình đang bận việc mà có đứa nhây vậy là có đứa toè mỏ 
514,793,Enjoyment,nụ cười của tôi thiên_thần vãi
515,1449,Enjoyment,số hưởng rồi tránh sao nổi : d
516,920,Sadness,"t xin nhắc lại một lần nữa , đây là một câu_chuyện buồn nhé"
517,1880,Anger,"không có người làm thì cần đéo gì phải dọn , dume thấy thằng nào dải đập chết cụ nó đi"
518,1926,Enjoyment,"đi hát_văn nghệ cho trường nguyên cấp 1 , kiếm được kha_khá . cấp 2 vỡ_giọng , khỏi hát 藍"
519,64,Enjoyment,"ngày_trước đi mua cái này cho chó của đứa bạn thân . mà 2 thằng thử xong phê quá quyết_định mua mỗi đứa 1 cái , và chó 1 cái : ) )"
520,1136,Enjoyment,ra viện tăng chục cân : ) )
521,475,Enjoyment,"tau sẽ phun thuốc kích_thích , 2 nam nữa sẽ dài hơn ong nay ... sẽ được vào viện_bảo_tàng .. "
522,1710,Enjoyment,"hồi đó đã undercut , bảnh vãi ."
523,255,Fear,"thôi em sợ lắm , tha em bác"
524,964,Sadness,sao mình lại không xem được vậy admin 
525,356,Other,làm như là người tối cổ mà không biết . này là bếp từ phiên_bản đầu_tiên chứ gì
526,1266,Sadness,tuổi_thơ tôi toàn gặp những thằng mất dậy và toàn đánh nhau với chúng . tuổi_thơ nợ tôi quá nhiều
527,674,Enjoyment,cho đi là đáng quý . cảm_động vãi
528,1864,Enjoyment,mỗi lần bạn trai đi cắt tóc tao đều cảm_thấy an_tâm mấy phần
529,1252,Anger,đồ má một lũ óc chó này .. cả nước họ quá bức súc tụi may lũ chúng may phải đưa ra tử_hình hết lượt sống trật đất xã_hội
530,104,Other,per lý_do nhà tao dùng năng_lượng mặt_trời .. 
531,819,Disgust,nhìn ghét quá ? ? ? ?
532,1369,Enjoyment,em thấy nó đúng đấy chứ
533,436,Anger,"hỏi_thì_hỏi cho khôn , hỏi mà như vả thẳng vào mặt người ta : ) )"
534,338,Fear,"nguy_hiểm lắm , ngồi nhà lướt facebook thôi mà không cẩn_thận thì mất tim lúc_nào không biết"
535,475,Other,"chào em cô gái tháng 10 , em là nắng ấm giữa trời mùa thu ..."
536,754,Enjoyment,a độc_thân nè không có ai để nắm tay gọi là thử coi .. hihihi chúc em luon vui ve em nhé ...
537,255,Enjoyment,chủ quán này xinh gái lắm nha !
538,724,Other,vì nếu không có kẻ yếu thì chúng_ta không biết mình rất mạnh
539,1583,Enjoyment,xây 1 được 2 nhà : ) ) chủ nhà ấm vãi : ) )
540,766,Other,hẹn gặp lại ngày vào một ngày không xa chúc ngài thượng_lộ_bình_an
541,593,Enjoyment,quả_nhiên chồng_con nhà người ta đéo bao_giờ làm tao thất_vọng 
542,89,Other,k cần chuyển cũng sắp đi rồi admin ạ
543,1795,Enjoyment,tao không theo_dõi phim . xem bập_bõm mấy tập mới biết em nó là con gái  .
544,1850,Enjoyment,haha thì ra trên đời này tao không cu đơn đâu_đó vẫn có những đứa con_ghẻ như tao cùng bắt_tay chào_hỏi nhau nà
545,181,Fear,"chống mắt mà xem này khi bồ nói anh muốn đi tập gym thì dẹp ngay và luôn , măc công nó yêu thằng khác mất quá per"
546,996,Other,bố_mẹ là những người yêu ta vô_điều_kiện ...
547,768,Other,chuột nhìn thấy said : bố lại sợ mày quá cơ = ) ) )
548,806,Other,per mốt đừg có thiết_kế hay xây mấy cái kiểu như dị nhé hem > <
549,788,Sadness,còn gì đau_xót hơn 
550,1216,Other,làm cái đéo gì mà_lại lâm vào tình_huống như thế_này
551,1463,Sadness,"gập đúng người mà mình muốn thương , muốn yêu , muốn chăm_sóc . nhưng thật tiếc khi trong tay vẫn chưa có gì"
552,1665,Sadness,"chiến_tranh có gì vui đâu nhỉ , chỉ gây đâu thương"
553,626,Enjoyment,coi phim này xong thì nhỏ bạn tao bắt_chước giống vầy với crush nó . sau đó thì ... à mà đéo có sau đó nữa : v
554,1758,Surprise,200 triệu mà đủ sao
555,1677,Disgust,khi bạn lôi hết cảm_xúc ra viết thì lũ bạn thân lại coi là nhảm lol  dume
556,224,Disgust,thanh_niên hack mẹ nó từ đầu game . đánh_đấm con cặc . tội cho mấy rank con cày level
557,169,Enjoyment,uề ... lại li_hôn không thành_công ...  . t buồn_cười câu này quá per
558,1562,Disgust,cứ tưởng tao đùa à . hmm
559,334,Other,chỉ có những người sợ bạn giận bạn buồn thì giận lại mới có hiệu_nghiệm thôi
560,470,Other,tạm_biệt tổng_thống trump ! ! việt_nam hẹn gặp lại ngài !
561,144,Disgust,"tao tưởng con ê ́ ch . - . - nhìn lại thấy con quỷ này , hết đáng yêu rồi"
562,700,Other,đi lỗi phụ ấy . chắc bọn tao gần đấy mới biết nhiều lối phụ không tắc
563,209,Disgust,đag đói mà đợi ôg này làm cho ăn chắc nghỉ mẹ nó luôn . : 3
564,841,Enjoyment,"lâu rồi mới thấy trailer chất như lày , so excited"
565,1303,Sadness,"hắt_xì mệt quá , muốn bắn , muốn làm_việc : ("
566,1449,Sadness,vận may s cứ xua_đuổi mình hoài chứ có bao_giờ tự tìm đến đâu ? đen thôi chứ đỏ quên điii nha . đời_thường giết chết kẻ mộng mer như mình .
567,750,Enjoyment,cũng xinh mà ? ? lai cỏ có_lẽ sẽ khoẻ_mạnh và đỡ ngáo hơn ? ?
568,1135,Disgust,nhìn thấy nó cười trông giống thần_kinh vãi lồn 
569,811,Disgust,"đây là chỗ mấy đứa bây khoe_khoang yêu_đương đấy à , biết gió_mùa về rồi không ? ?"
570,1904,Enjoyment,sáng nay mình cũng gặp 1 anh công_an dễ_thương lắm
571,960,Enjoyment,_diễm quỳnh haha em không biết
572,1460,Enjoyment,chúc bạn thành_công < 3
573,365,Enjoyment,phim hay từng chi_tiết . nếu bạn tập_trung xem để_ý và hiểu từng chi_tiết thì bạn sẽ nể phục những người làm phim biết_chừng_nào .
574,928,Enjoyment,nhất_là lúc 16h chuẩn_bị đến giờ đá bóng . chất rơm đầy bếp cho nó mau chín 殺殺 yêu quá thời đó
575,1085,Enjoyment,xem video không buồn_cười lắm vì chửi thề quá_xá .. cơ_mà đọc bình_luận của các bạn cười đã luôn . kkkkk
576,1368,Sadness,ai bảo con trai yêu không nặng_tình ? : ' (
577,1273,Sadness,cay_đắng vãi 
578,56,Other,quan_trọng là nhiều tiền để rót trước
579,787,Enjoyment,sao có_thể từ_chối lời tỏ_tình dễ_thương thế_này ❤️❤️
580,1885,Enjoyment,haha giờ thấy thằng nào là cho ăn cây baton
581,655,Other,per xong có cưới nhau không 
582,502,Other,per cho chị vui_vẻ từ 7h sáng đến 4h45 chiều chứ hả 
583,892,Disgust,trừ điểm per
584,1340,Sadness,"moạ , mình nhà thanh_hoá mà đéo biết gì luôn @ @ : ( ( ( ("
585,867,Other,tao đi trợ_giảng học_sinh cũng dạy thầy_cô nói_chuyện ngoài múa quạt cmnl
586,1124,Enjoyment,cũng đỡ tắc hơn 1 tí
587,1056,Enjoyment,boss mắc bệnh nghiện vợ 藍藍
588,674,Sadness,"hồi xưa đi học mình ngồi gần lớp trưởng , tên này được cái rất ga_lăng với bạn gái trừ mình .. huhu .."
589,383,Other,chỉ thấy phối nhạc hay thôi chứ lời tao cảm_thấy nghe không có nghĩa lí gì luôn 
590,846,Disgust,"mẹ , suốt ngày xem ba cái ngôn tình này rồi n mơ_mộng . 25 rồi nha . nha nha nha"
591,1673,Disgust,cấp 3 là 1 thanh_xuân ám_ảnh = ) )
592,1789,Surprise,bài này hay quá
593,57,Other,chắc chỉ có nhật mới vậy ở vn thì tôi không quan_tâm ông mua_bán ra sao được giá tao mua_bán
594,1655,Disgust,tao biết tao mà đi gia_sư thì con nhà người ta sứt_đầu_mẻ_trán nên cũng không ham_hố dạy với chả dỗ gì : ) ) )
595,1130,Sadness,âu cũng là kiếp người . tại_sao ông trời lại đày_đoạ con_người ta đến như_vậy
596,836,Anger,con_bé bị tát trong hình là em_gái mình thì không biết mình sẽ làm gì bọn này nữa 
597,1632,Disgust,có loại này tồn_tại ở đây à
598,1423,Enjoyment,cuộc_sống là cho đi ❤ đôi_khi chỉ cần được thấy họ cười là bản_thân thấy vui rồi ..
599,592,Other,hôm_nay ol đến đây thôi dume 
600,532,Enjoyment,"bồ tao cũng đang đi cái này , từ nhà nó lên đây cỡ 2 tiếng mấy và dume nó bảo tao ngủ đi vì nó đi đến sáng : ) ) ) ) )"
601,1924,Surprise,wow tuổi_trẻ tài cao vkl = ) ) )
602,1044,Other,cố_gắng tinh_thần sẽ làm lại được
603,1182,Enjoyment,t không phàn_nàn . t sẽ cố_gắng giúp bố_mẹ có được nhiều hơn 
604,1649,Disgust,tôi cũng đi dạy . phụ_huynh còn thiếu 250k kêu chuyển thẻ . không biết mai_mốt chị còn nhớ mà chuyển cho mình nữa không đây
605,1269,Anger,tao mà là con đi xe cũ . tao vả thẳng mặt bà mặt lờ kia . méo cần biết đứa nào sai hay đúng . vả vỡ mồm rồi gọi con bà ra đây hốt xác . 蘭
606,509,Other,tối nay tập mai triển ? ?
607,931,Other,chủ em này không phải người nữa rồi
608,210,Other,này ai chả muốn haiz
609,1300,Disgust,per hình_như bài mày ngh hôm_nay . như cứt mai đừng mở nữa
610,75,Disgust,hóng mãi cuối_cùng bị cho leo cây 
611,1714,Disgust,đã mất xe còn bị bọn đường_sắt nó phạt cho . khổ lắm ngu hết phần thiên_hạ
612,1133,Enjoyment,éo biết sai hay đúng nhưng thanh_niên này chất .. bản_lĩnh bình_tĩnh ! !
613,79,Other,thằng nào dám đưa 9 / 10 số tiền nó có trong tay
614,500,Other,lâu lắm mình thấy lại nó
615,1317,Disgust,chuyện nhà người ta mà cứ thích bới cả lên 
616,802,Sadness,t nghe thấy nó nói gì tao chết liền
617,1686,Disgust,người việt mình tự hại nhau thôi . đừng đổi thừa cho trung_quốc .
618,400,Sadness,tội cho cô gái ; ( (
619,1027,Sadness,cay_đắng đến cùng_cực và hạnh_phúc đến tột_đỉnh . chỉ là mình có quyền lựa_chọn nó hay không thôi
620,738,Other,"học không phải vì bằng_cấp , học để lấy kiến_thức ."
621,259,Enjoyment,hí . dễ_thương quá
622,1785,Surprise,thế đéo nào cái hộp bé tý lại đựng được ba cái mũ nhỉ
623,1373,Enjoyment,nấu có cháy mới ngon : ) ) còn nước cơm hoà với đường thì toẹt vời
624,341,Enjoyment,ngoài mấy phim về vật_lý ra thì phim nào của ấn cũng có những ý_nghĩa sâu_sắc .
625,1409,Disgust,"hay_ho gì . 81 tỉ xây được bao_nhiêu nhà cho hộ nghèo , trẻ_em lang_thang cơ_nhỡ , trong khi đó dành 81 tỉ để bỏ nhau"
626,248,Enjoyment,per cố lên gần đến_nơi rồi . vào trong này mời nói_chuyện nhé . ngay cửa đền chính . có bãi gửi xe . hehe
627,1550,Sadness,"cải_tạo được , có tái_tạo được 100 % nguyên_trạng rồi sao ? giá_trị lịch_sử văn_hoá gần nghìn năm đã mất đi rồi : ( ("
628,1548,Disgust,"ôi con cô_giáo chủ_nhiệm , thằng bố_con mẹ bất_hợp_tác , những thành_phần ngu lol"
629,1205,Anger,bướng tao đập chết cụ mày
630,1621,Enjoyment,đấy mẹ thấy đơn_giản không = ) ) )
631,884,Enjoyment,đôi_khi hạnh_phúc chỉ là những điều giản_dị nhất mà chả ai nghĩ tới 
632,682,Disgust,"nhiều quán karaoke không nhận khách sinh_nhật vì rất mất vệ_sinh .. ăn bánh kem trét vào mặt nhau , vào tường , vào ghế .. phải nói là vô_học , mất vệ_sinh ."
633,55,Disgust, 2019 rồi xã_hội phát_triển kiểu gì vẫn còn lũ dòi bọ này nhì
634,980,Other,ăn cái này là nghiệp quật dữ lắm à nghen 
635,1950,Disgust,mấy thằng hải_phòng ngáo chó gây ra đây mà
636,716,Other,per có nên tiếp_tục vì đồng_nghiệp không chị nhể
637,76,Enjoyment,s tao lại muốn ăn cái này quá làm cho cay vào chua_ngọt với sốt me thêm đậu_phộng thề luôn 4kg tao ăn cũng hết
638,767,Enjoyment,vui quá ta ơi ......
639,1589,Enjoyment,nhưng nó giỏi và bản_lĩnh đó
640,1133,Sadness,nó cười với tất_cả mng trừ tao 
641,1555,Disgust,cô_giáo cũng ngu vãi !
642,1495,Enjoyment,nhìn bà cười thấy hạnh_phúc quá ❤️❤️
643,970,Enjoyment,"vì luật áp_dụng đối_với vụ án phân_chia tài_sản trên 4 tỷ thì mức án_phí là 0 , 01 % . suy ra vụ này trên 8 nghìn tỷ thì mức án_phí là 81 tỷ là đúng rồi ."
644,942,Enjoyment,tau đã được bà nội vá quần 
645,890,Surprise,thấy kết_luận án_phí đợt trước là 8 tỷ mà sao giờ đã thành 81 tỷ rồi ? ? ?
646,115,Disgust,mấy bạn nữ kêu cái mẹ gì vậy
647,944,Sadness,"bố bạn ý chửi nhẹ đấy , bố mình chửi là chỉ mong đầu_thai vào nhà khác "
648,1882,Anger,dume sao mày đánh tao
649,617,Other,ai sai người ấy chịu . đường là để đi nhà là để bán hàng . việc ai lấy_làm đừng bận_tâm
650,1260,Enjoyment,"vợ mình cũng thế , mấy lần đắp mặt_nạ doạ chồng : v được cái mình chơi game kinh_dị nhiều nên đếch sợ = ) )"
651,1329,Disgust,lớn rồi nên biết trân_trọng đừng suốt ngày phàn_nàn
652,1456,Enjoyment,per nhớ cái này không bây kk
653,564,Other,thì cứ cho nó đỗ xong bác gọi phường xuống giải_quyết cho nó cẩu đi là xong : ) )
654,196,Other,nhưng quan_trọng phải có cách xử_lý nước_thải của người_dân không được đổ ra sông nữa chứ không thì cũng vứt
655,347,Anger,mẹ nó cái trang nhổn làm . bố mới thay kính cường_lực hôm_qua mà bể rồi . mẹ chúng_mày
656,1043,Other,ngã xuống thì lại bảo là tự_tử do mâu thẫn với chủ
657,903,Enjoyment,ngưỡng_mộ mấy cậu vẽ đẹp quá
658,1755,Anger,đụ má nó quá_đáng
659,307,Fear,đã sợ chó rồi thì chớ lại còn bị đùa zai như này . ai sợ chó đã từng_trải sẽ hiểu : v
660,391,Fear,"mình nói thật nhìn từ trên cao xuống đã thấy chóng_mặt rồi , vãi"
661,1687,Surprise,mày ăn cái gì mà khôn vaiz thế
662,1949,Surprise,con mèo mặt diễn ghê thật
663,518,Anger,ngay thơ vô_số tội đã từng bị tụi bạn chơi_khăm kiểu này
664,742,Other,bếp dầu một thời để nhớ
665,1583,Sadness,pháp năm nay nhiều biến quá : ( (
666,610,Sadness,định tag anh vào nhưng chợt nhớ ra làm gì có anh nào 
667,1754,Enjoyment,per - chan đáng yêu zl = ) ) ) ) ) )
668,164,Other,vào sớm chút mới về được
669,549,Enjoyment,bên đây thấy yên_bình hơn nhỉ
670,1799,Enjoyment,nhất_định sẽ có một ngày tao sẽ thành_công và tự nói bản_thân rằng mày làm tốt lắm
671,1079,Enjoyment,vợ per nuôi tốt quá béo_tốt ra hẳn
672,1664,Enjoyment,"mà sếp cũng duyệt , cũng in rồi haha"
673,1867,Surprise,phản đòn hay đấy
674,847,Disgust,"per má cái con ất ơ này , tao thù nó vãi , hồi nhỏ bị nó rượt chạy muốn sứt dép , nó dai còn hơn chó nữa ."
675,621,Disgust,mày là bạn tội_đồ
676,568,Sadness,"công_nhận năm nay tiến_triển hơn , đợi 2 bà chị đi hẹn_hò về còn có scl mà ăn ké : v"
677,857,Enjoyment,"sống trong một gia_đình nhiều áp_lực và lúc_nào cũng chửi_bới như_vậy , tạo_hoá đã ban_tặng cho em bộ nhá khá là tươi để cân_bằng cuộc_sống"
678,1432,Disgust,ngu vãi
679,929,Sadness,"ko nói nhiều chỉ ủng_hộ anh per vì thấy thái_độ trước toà là hiểu anh per hoàn_toàn chân_chất , không có thủ_đoạn gì hết"
680,1171,Enjoyment,ưới gì honey của mình sau_này cũng thế
681,1290,Sadness,nhọc_lòng : ( ( (
682,881,Sadness,tao đã rất muốn làm_bạn tốt anh_em tri_kỉ với tụi hắn nhưng không ai muốn làm_bạn với tao - _ -
683,1689,Disgust,cơm tấm ở ngoài cũng như này . 
684,1779,Surprise,chất_liệu đỉnh quá
685,1486,Anger,dume lũ mất_dạy . bố_mẹ cho mày ăn_học để dơ ngón tay thối cho người anh_em thái_lan thế hả ? thắng cũng đâu cần phải làm thế ?
